C_tr,C_inf,Accuracy
1e+17,10000000000.0,0.0
1e+17,100000000000.0,0.0
1e+17,1000000000000.0,0.0
1e+17,10000000000000.0,0.0
1e+17,100000000000000.0,0.0
1e+17,1000000000000000.0,0.0
1e+17,1e+16,0.0
1e+17,1e+17,0.0
1e+17,1e+18,0.0
1e+17,1e+19,0.0
1e+17,1e+20,0.0
1e+17,1e+21,0.0
1e+17,1e+22,0.0
1e+17,1e+23,0.0
1e+17,1e+24,0.0
1e+17,1e+25,0.0
1e+19,10000000000.0,0.0
1e+19,100000000000.0,0.2655555555555561
1e+19,1000000000000.0,0.3155555555555564
1e+19,10000000000000.0,0.3411111111111121
1e+19,100000000000000.0,0.3555556710980218
1e+19,1000000000000000.0,0.3711111111111123
1e+19,1e+16,0.3844444444444457
1e+19,1e+17,0.4000000000000014
1e+19,1e+18,0.4122222222222237
1e+19,1e+19,0.4266666666666682
1e+19,1e+20,0.4411111111111128
1e+19,1e+21,0.4533333333333351
1e+19,1e+22,0.4677777777777796
1e+19,1e+23,0.481111111111113
1e+19,1e+24,0.4933333333333353
1e+19,1e+25,0.5077777777777794
1e+21,10000000000.0,0.0
1e+21,100000000000.0,0.0
1e+21,1000000000000.0,0.6344444444444406
1e+21,10000000000000.0,0.6577777777777729
1e+21,100000000000000.0,0.6766666666660038
1e+21,1000000000000000.0,0.691111111101924
1e+21,1e+16,0.7044444443333118
1e+21,1e+17,0.718888887323057
1e+21,1e+18,0.7311110969377056
1e+21,1e+19,0.7433331956881333
1e+21,1e+20,0.7566649916095184
1e+21,1e+21,0.7699818483336832
1e+21,1e+22,0.7820472672031431
1e+21,1e+23,0.792110750058448
1e+21,1e+24,0.7998187147848619
1e+21,1e+25,0.8111111956447579
1e+23,10000000000.0,0.0
1e+23,100000000000.0,0.0
1e+23,1000000000000.0,0.0
1e+23,10000000000000.0,0.9755555555555367
1e+23,100000000000000.0,0.993333333333314
1e+23,1000000000000000.0,0.9999999999999802
1e+23,1e+16,0.9999999999999802
1e+23,1e+17,0.9999999999999802
1e+23,1e+18,0.9999999999999802
1e+23,1e+19,0.9999999999999802
1e+23,1e+20,0.9999999999999802
1e+23,1e+21,0.9999999999999802
1e+23,1e+22,0.9999999999999802
1e+23,1e+23,0.9999999999999802
1e+23,1e+24,0.9999999999999802
1e+23,1e+25,0.9999999999999802
1e+25,10000000000.0,0.0
1e+25,100000000000.0,0.0
1e+25,1000000000000.0,0.0
1e+25,10000000000000.0,0.0
1e+25,100000000000000.0,0.995555555555536
1e+25,1000000000000000.0,0.9999999999999802
1e+25,1e+16,0.9999999999999802
1e+25,1e+17,0.9999999999999802
1e+25,1e+18,0.9999999999999802
1e+25,1e+19,0.9999999999999802
1e+25,1e+20,0.9999999999999802
1e+25,1e+21,0.9999999999999802
1e+25,1e+22,0.9999999999999802
1e+25,1e+23,0.9999999999999802
1e+25,1e+24,0.9999999999999802
1e+25,1e+25,0.9999999999999802
1e+18,10000000000.0,0.0
1e+18,100000000000.0,0.1022222222222219
1e+18,1000000000000.0,0.1555555555555554
1e+18,10000000000000.0,0.1860660113664358
1e+18,100000000000000.0,0.201158148984179
1e+18,1000000000000000.0,0.2155555549620365
1e+18,1e+16,0.2322222152228849
1e+18,1e+17,0.2466666027035083
1e+18,1e+18,0.2622215129882015
1e+18,1e+19,0.2766598149798589
1e+18,1e+20,0.2921429837347666
1e+18,1e+21,0.3049246735553327
1e+18,1e+22,0.3158746226506514
1e+18,1e+23,0.3255835909456338
1e+18,1e+24,0.3411111111111121
1e+18,1e+25,0.3544444444444455
1e+20,10000000000.0,0.0
1e+20,100000000000.0,0.4211111111111126
1e+20,1000000000000.0,0.4777777777777797
1e+20,10000000000000.0,0.5011111111111131
1e+20,100000000000000.0,0.5166666666666679
1e+20,1000000000000000.0,0.5311111111111118
1e+20,1e+16,0.5433333333333334
1e+20,1e+17,0.5577777777777773
1e+20,1e+18,0.57111111111111
1e+20,1e+19,0.5833333333333317
1e+20,1e+20,0.5966666666666645
1e+20,1e+21,0.6111111111111083
1e+20,1e+22,0.6222222222222189
1e+20,1e+23,0.6355555555555517
1e+20,1e+24,0.6499999999999955
1e+20,1e+25,0.6611111111111061
1e+22,10000000000.0,0.0
1e+22,100000000000.0,0.0
1e+22,1000000000000.0,0.7911111111111004
1e+22,10000000000000.0,0.8211111111110991
1e+22,100000000000000.0,0.8333333333333208
1e+22,1000000000000000.0,0.8466666666666536
1e+22,1e+16,0.8599999999999863
1e+22,1e+17,0.871111111111097
1e+22,1e+18,0.8833333333333186
1e+22,1e+19,0.8966666666666514
1e+22,1e+20,0.9099999999999842
1e+22,1e+21,0.9211111111110948
1e+22,1e+22,0.9322222222222054
1e+22,1e+23,0.9455555555555382
1e+22,1e+24,0.9588888888888708
1e+22,1e+25,0.9711111111110926
1e+24,10000000000.0,0.0
1e+24,100000000000.0,0.0
1e+24,1000000000000.0,0.0
1e+24,10000000000000.0,0.9911111111110916
1e+24,100000000000000.0,0.9999999999999802
1e+24,1000000000000000.0,0.9999999999999802
1e+24,1e+16,0.9999999999999802
1e+24,1e+17,0.9999999999999802
1e+24,1e+18,0.9999999999999802
1e+24,1e+19,0.9999999999999802
1e+24,1e+20,0.9999999999999802
1e+24,1e+21,0.9999999999999802
1e+24,1e+22,0.9999999999999802
1e+24,1e+23,0.9999999999999802
1e+24,1e+24,0.9999999999999802
1e+24,1e+25,0.9999999999999802
1e+26,10000000000.0,0.0
1e+26,100000000000.0,0.0
1e+26,1000000000000.0,0.0
1e+26,10000000000000.0,0.0
1e+26,100000000000000.0,0.9911111111110916
1e+26,1000000000000000.0,0.9999999999999802
1e+26,1e+16,0.9999999999999802
1e+26,1e+17,0.9999999999999802
1e+26,1e+18,0.9999999999999802
1e+26,1e+19,0.9999999999999802
1e+26,1e+20,0.9999999999999802
1e+26,1e+21,0.9999999999999802
1e+26,1e+22,0.9999999999999802
1e+26,1e+23,0.9999999999999802
1e+26,1e+24,0.9999999999999802
1e+26,1e+25,0.9999999999999802
5e+17,5000000000.0,0.0
5e+17,50000000000.0,0.0233333333333333
5e+17,500000000000.0,0.0955555555555553
5e+17,5000000000000.0,0.1322222179748097
5e+17,50000000000000.0,0.1522221530085462
5e+17,500000000000000.0,0.1699991731423682
5e+17,5000000000000000.0,0.1844381490338687
5e+17,5e+16,0.2021331642300298
5e+17,5e+17,0.2160517096041736
5e+17,5e+18,0.2275128609847959
5e+17,5e+19,0.2411124754049872
5e+17,5e+20,0.2544444444444449
5e+17,5e+21,0.2711111111111117
5e+17,5e+22,0.283333333333334
5e+17,5e+23,0.3011111111111119
5e+17,4.999999999999999e+24,0.3133333333333342
5e+18,5000000000.0,0.0
5e+18,50000000000.0,0.1922222222222223
5e+18,500000000000.0,0.2544444444444449
5e+18,5000000000000.0,0.2877777777777782
5e+18,50000000000000.0,0.3044444451720528
5e+18,500000000000000.0,0.3211111111110685
5e+18,5000000000000000.0,0.3344444444440524
5e+18,5e+16,0.3499999999952072
5e+18,5e+17,0.3622222221883617
5e+18,5e+18,0.3766666662900325
5e+18,5e+19,0.3911111070035505
5e+18,5e+20,0.4044444044927142
5e+18,5e+21,0.4199994494236344
5e+18,5e+22,0.4322180694678643
5e+18,5e+23,0.4455127641225771
5e+18,4.999999999999999e+24,0.4605306273613749
5e+19,5000000000.0,0.0
5e+19,50000000000.0,0.0
5e+19,500000000000.0,0.4188888888888904
5e+19,5000000000000.0,0.443333333333335
5e+19,50000000000000.0,0.4644444444444462
5e+19,500000000000000.0,0.481111111111113
5e+19,5000000000000000.0,0.4922222222222242
5e+19,5e+16,0.5066666666666684
5e+19,5e+17,0.5211111111111122
5e+19,5e+18,0.5333333333333339
5e+19,5e+19,0.5466666666666666
5e+19,5e+20,0.5611111111111104
5e+19,5e+21,0.5722222222222211
5e+19,5e+22,0.5855555555555538
5e+19,5e+23,0.5999999999999976
5e+19,4.999999999999999e+24,0.6122222222222193
5e+20,5000000000.0,0.0
5e+20,50000000000.0,0.0
5e+20,500000000000.0,0.5822222222222206
5e+20,5000000000000.0,0.6044444444444419
5e+20,50000000000000.0,0.6233333333314005
5e+20,500000000000000.0,0.6411111110329669
5e+20,5000000000000000.0,0.6533333326058257
5e+20,5e+16,0.6666666585718238
5e+20,5e+17,0.6811110006551307
5e+20,5e+18,0.6922214274487475
5e+20,5e+19,0.7055459026495191
5e+20,5e+20,0.7198690731091958
5e+20,5e+21,0.7302339898968241
5e+20,5e+22,0.7380417294345206
5e+20,5e+23,0.7477948477274441
5e+20,4.999999999999999e+24,0.7611111111111017
5e+21,5000000000.0,0.0
5e+21,50000000000.0,0.0
5e+21,500000000000.0,0.0
5e+21,5000000000000.0,0.7677777777777681
5e+21,50000000000000.0,0.7822222222222119
5e+21,500000000000000.0,0.7944444444444336
5e+21,5000000000000000.0,0.8077777777777664
5e+21,5e+16,0.8211111111110991
5e+21,5e+17,0.8322222222222098
5e+21,5e+18,0.8444444444444315
5e+21,5e+19,0.8577777777777642
5e+21,5e+20,0.871111111111097
5e+21,5e+21,0.8822222222222076
5e+21,5e+22,0.8933333333333182
5e+21,5e+23,0.906666666666651
5e+21,4.999999999999999e+24,0.9199999999999836
5e+22,5000000000.0,0.0
5e+22,50000000000.0,0.0
5e+22,500000000000.0,0.0
5e+22,5000000000000.0,0.9233333333333168
5e+22,50000000000000.0,0.942222222222205
5e+22,500000000000000.0,0.9566666666666488
5e+22,5000000000000000.0,0.9699999999999817
5e+22,5e+16,0.9822222222222032
5e+22,5e+17,0.9944444444444248
5e+22,5e+18,0.9999999999999802
5e+22,5e+19,0.9999999999999802
5e+22,5e+20,0.9999999999999802
5e+22,5e+21,0.9999999999999802
5e+22,5e+22,0.9999999999999802
5e+22,5e+23,0.9999999999999802
5e+22,4.999999999999999e+24,0.9999999999999802
5e+23,5000000000.0,0.0
5e+23,50000000000.0,0.0
5e+23,500000000000.0,0.0
5e+23,5000000000000.0,0.0
5e+23,50000000000000.0,0.9999999999999802
5e+23,500000000000000.0,0.9999999999999802
5e+23,5000000000000000.0,0.9999999999999802
5e+23,5e+16,0.9999999999999802
5e+23,5e+17,0.9999999999999802
5e+23,5e+18,0.9999999999999802
5e+23,5e+19,0.9999999999999802
5e+23,5e+20,0.9999999999999802
5e+23,5e+21,0.9999999999999802
5e+23,5e+22,0.9999999999999802
5e+23,5e+23,0.9999999999999802
5e+23,4.999999999999999e+24,0.9999999999999802
4.999999999999999e+24,5000000000.0,0.0
4.999999999999999e+24,50000000000.0,0.0
4.999999999999999e+24,500000000000.0,0.0
4.999999999999999e+24,5000000000000.0,0.0
4.999999999999999e+24,50000000000000.0,0.993333333333314
4.999999999999999e+24,500000000000000.0,0.9999999999999802
4.999999999999999e+24,5000000000000000.0,0.9999999999999802
4.999999999999999e+24,5e+16,0.9999999999999802
4.999999999999999e+24,5e+17,0.9999999999999802
4.999999999999999e+24,5e+18,0.9999999999999802
4.999999999999999e+24,5e+19,0.9999999999999802
4.999999999999999e+24,5e+20,0.9999999999999802
4.999999999999999e+24,5e+21,0.9999999999999802
4.999999999999999e+24,5e+22,0.9999999999999802
4.999999999999999e+24,5e+23,0.9999999999999802
4.999999999999999e+24,4.999999999999999e+24,0.9999999999999802
5e+25,5000000000.0,0.0
5e+25,50000000000.0,0.0
5e+25,500000000000.0,0.0
5e+25,5000000000000.0,0.0
5e+25,50000000000000.0,0.0
5e+25,500000000000000.0,0.9999999999999802
5e+25,5000000000000000.0,0.9999999999999802
5e+25,5e+16,0.9999999999999802
5e+25,5e+17,0.9999999999999802
5e+25,5e+18,0.9999999999999802
5e+25,5e+19,0.9999999999999802
5e+25,5e+20,0.9999999999999802
5e+25,5e+21,0.9999999999999802
5e+25,5e+22,0.9999999999999802
5e+25,5e+23,0.9999999999999802
5e+25,4.999999999999999e+24,0.9999999999999802
3e+18,30000000000.0,0.1277777777777774
3e+18,300000000000.0,0.2100000000000002
3e+18,3000000000000.0,0.2466666666666671
3e+18,30000000000000.0,0.2704036619569944
3e+18,300000000000000.0,0.2826644974230467
3e+18,3000000000000000.0,0.2944447696778025
3e+18,3e+16,0.3111111111111119
3e+18,3e+17,0.3233333333333342
3e+18,3e+18,0.3388888888888899
3e+18,3e+19,0.3522222222222233
3e+18,3e+20,0.3655555555555567
3e+18,3e+21,0.3811111111111124
3e+18,3e+22,0.3933333333333347
3e+18,2.9999999999999997e+23,0.4088888888888903
3e+18,3e+24,0.4222222222222238
3e+19,30000000000.0,0.0
3e+19,300000000000.0,0.3722222222222234
3e+19,3000000000000.0,0.4066666666666681
3e+19,30000000000000.0,0.4233333333333349
3e+19,300000000000000.0,0.4388888888888905
3e+19,3000000000000000.0,0.4522222222222239
3e+19,3e+16,0.4655555555555574
3e+19,3e+17,0.481111111111113
3e+19,3e+18,0.4933333333333353
3e+19,3e+19,0.5066666666666684
3e+19,3e+20,0.5211111111111122
3e+19,3e+21,0.5322222222222228
3e+19,3e+22,0.5455555555555556
3e+19,2.9999999999999997e+23,0.5611111111111104
3e+19,3e+24,0.5722222222222211
3e+20,30000000000.0,0.0
3e+20,300000000000.0,0.5411111111111113
3e+20,3000000000000.0,0.5633333333333326
3e+20,30000000000000.0,0.5844444444444428
3e+20,300000000000000.0,0.6011111111111087
3e+20,3000000000000000.0,0.6122222222222193
3e+20,3e+16,0.6266666666666632
3e+20,3e+17,0.641111111111107
3e+20,3e+18,0.6522222222222176
3e+20,3e+19,0.6644444444444393
3e+20,3e+20,0.6788888888888831
3e+20,3e+21,0.6911111111111048
3e+20,3e+22,0.7033333333333265
3e+20,2.9999999999999997e+23,0.7166666666666592
3e+20,3e+24,0.729999999999992
3e+21,30000000000.0,0.0
3e+21,300000000000.0,0.0
3e+21,3000000000000.0,0.7277777777777699
3e+21,30000000000000.0,0.7411111111111026
3e+21,300000000000000.0,0.7599994122369214
3e+21,3000000000000000.0,0.7733265107665375
3e+21,3e+16,0.7865799337960913
3e+21,3e+17,0.799884022287243
3e+21,3e+18,0.806538004142579
3e+21,3e+19,0.8166717447560047
3e+21,3e+20,0.8299999999999876
3e+21,3e+21,0.8411111111110983
3e+21,3e+22,0.85333333333332
3e+21,2.9999999999999997e+23,0.8666666666666527
3e+21,3e+24,0.8799999999999855
3e+22,30000000000.0,0.0
3e+22,300000000000.0,0.0
3e+22,3000000000000.0,0.8822222222222076
3e+22,30000000000000.0,0.9033333333333178
3e+22,300000000000000.0,0.9166666666666504
3e+22,3000000000000000.0,0.9299999999999832
3e+22,3e+16,0.941111111111094
3e+22,3e+17,0.9533333333333156
3e+22,3e+18,0.9655555555555372
3e+22,3e+19,0.9799999999999812
3e+22,3e+20,0.9911111111110916
3e+22,3e+21,0.9999999999999802
3e+22,3e+22,0.9999999999999802
3e+22,2.9999999999999997e+23,0.9999999999999802
3e+22,3e+24,0.9999999999999802
2.9999999999999997e+23,30000000000.0,0.0
2.9999999999999997e+23,300000000000.0,0.0
2.9999999999999997e+23,3000000000000.0,0.0
2.9999999999999997e+23,30000000000000.0,0.9999999999999802
2.9999999999999997e+23,300000000000000.0,0.9999999999999802
2.9999999999999997e+23,3000000000000000.0,0.9999999999999802
2.9999999999999997e+23,3e+16,0.9999999999999802
2.9999999999999997e+23,3e+17,0.9999999999999802
2.9999999999999997e+23,3e+18,0.9999999999999802
2.9999999999999997e+23,3e+19,0.9999999999999802
2.9999999999999997e+23,3e+20,0.9999999999999802
2.9999999999999997e+23,3e+21,0.9999999999999802
2.9999999999999997e+23,3e+22,0.9999999999999802
2.9999999999999997e+23,2.9999999999999997e+23,0.9999999999999802
2.9999999999999997e+23,3e+24,0.9999999999999802
3e+24,30000000000.0,0.0
3e+24,300000000000.0,0.0
3e+24,3000000000000.0,0.0
3e+24,30000000000000.0,0.9922222222222028
3e+24,300000000000000.0,0.9999999999999802
3e+24,3000000000000000.0,0.9999999999999802
3e+24,3e+16,0.9999999999999802
3e+24,3e+17,0.9999999999999802
3e+24,3e+18,0.9999999999999802
3e+24,3e+19,0.9999999999999802
3e+24,3e+20,0.9999999999999802
3e+24,3e+21,0.9999999999999802
3e+24,3e+22,0.9999999999999802
3e+24,2.9999999999999997e+23,0.9999999999999802
3e+24,3e+24,0.9999999999999802
3.0000000000000005e+25,30000000000.0,0.0
3.0000000000000005e+25,300000000000.0,0.0
3.0000000000000005e+25,3000000000000.0,0.0
3.0000000000000005e+25,30000000000000.0,0.0
3.0000000000000005e+25,300000000000000.0,0.9999999999999802
3.0000000000000005e+25,3000000000000000.0,0.9999999999999802
3.0000000000000005e+25,3e+16,0.9999999999999802
3.0000000000000005e+25,3e+17,0.9999999999999802
3.0000000000000005e+25,3e+18,0.9999999999999802
3.0000000000000005e+25,3e+19,0.9999999999999802
3.0000000000000005e+25,3e+20,0.9999999999999802
3.0000000000000005e+25,3e+21,0.9999999999999802
3.0000000000000005e+25,3e+22,0.9999999999999802
3.0000000000000005e+25,2.9999999999999997e+23,0.9999999999999802
3.0000000000000005e+25,3e+24,0.9999999999999802
4e+18,40000000000.0,0.1322222222222219
4e+18,400000000000.0,0.1511111111111109
4e+18,4000000000000.0,0.1655555555555554
4e+18,40000000000000.0,0.1822222222222222
4e+18,400000000000000.0,0.1977777777777778
4e+18,4000000000000000.0,0.2133333333333335
4e+18,4e+16,0.2300000000000003
4e+18,4e+17,0.2433333333333337
4e+18,4e+18,0.2600000000000005
4e+18,4e+19,0.2733333333333339
4e+18,4e+20,0.2888888888888896
4e+18,4e+21,0.302222222222223
4e+18,4e+22,0.3166666666666675
4e+18,4e+23,0.3311111111111121
4e+18,4e+24,0.3444444444444455
4e+19,40000000000.0,0.0
4e+19,400000000000.0,0.396666666666668
4e+19,4000000000000.0,0.4311111111111127
4e+19,40000000000000.0,0.4444444444444461
4e+19,400000000000000.0,0.4611113203405363
4e+19,4000000000000000.0,0.4722222222222241
4e+19,4e+16,0.4866666666666686
4e+19,4e+17,0.5011111111111131
4e+19,4e+18,0.5133333333333348
4e+19,4e+19,0.5266666666666675
4e+19,4e+20,0.5411111111111113
4e+19,4e+21,0.552222222222222
4e+19,4e+22,0.5655555555555547
4e+19,4e+23,0.5811111111111096
4e+19,4e+24,0.5922222222222202
4e+20,40000000000.0,0.0
4e+20,400000000000.0,0.5622222222222215
4e+20,4000000000000.0,0.5844444444444428
4e+20,40000000000000.0,0.606666666666664
4e+20,400000000000000.0,0.6211111111111078
4e+20,4000000000000000.0,0.6333333333333295
4e+20,4e+16,0.6466666666666623
4e+20,4e+17,0.6611111111111061
4e+20,4e+18,0.6722222222222167
4e+20,4e+19,0.6855555555555495
4e+20,4e+20,0.6999999999999933
4e+20,4e+21,0.7111111111111039
4e+20,4e+22,0.7233333333333256
4e+20,4e+23,0.7366666666666584
4e+20,4e+24,0.7499999999999911
4e+21,40000000000.0,0.0
4e+21,400000000000.0,0.0
4e+21,4000000000000.0,0.7499999999999911
4e+21,40000000000000.0,0.7622222222222128
4e+21,400000000000000.0,0.7811111111102778
4e+21,4000000000000000.0,0.7944444444338395
4e+21,4e+16,0.8088888887230037
4e+21,4e+17,0.8211111095606629
4e+21,4e+18,0.8333333177219597
4e+21,4e+19,0.8455554049558373
4e+21,4e+20,0.8599978088300781
4e+21,4e+21,0.8710943161376951
4e+21,4e+22,0.8831543383375572
4e+21,4e+23,0.8939862760881281
4e+21,4e+24,0.9013083028445084
4e+22,40000000000.0,0.0
4e+22,400000000000.0,0.0
4e+22,4000000000000.0,0.9033333333333178
4e+22,40000000000000.0,0.924444444444428
4e+22,400000000000000.0,0.9388888888888718
4e+22,4000000000000000.0,0.9511111111110936
4e+22,4e+16,0.962222222222204
4e+22,4e+17,0.9744444444444258
4e+22,4e+18,0.9866666666666476
4e+22,4e+19,0.9999999999999802
4e+22,4e+20,0.9999999999999802
4e+22,4e+21,0.9999999999999802
4e+22,4e+22,0.9999999999999802
4e+22,4e+23,0.9999999999999802
4e+22,4e+24,0.9999999999999802
4e+23,40000000000.0,0.0
4e+23,400000000000.0,0.0
4e+23,4000000000000.0,0.0
4e+23,40000000000000.0,0.9999999999999802
4e+23,400000000000000.0,0.9999999999999802
4e+23,4000000000000000.0,0.9999999999999802
4e+23,4e+16,0.9999999999999802
4e+23,4e+17,0.9999999999999802
4e+23,4e+18,0.9999999999999802
4e+23,4e+19,0.9999999999999802
4e+23,4e+20,0.9999999999999802
4e+23,4e+21,0.9999999999999802
4e+23,4e+22,0.9999999999999802
4e+23,4e+23,0.9999999999999802
4e+23,4e+24,0.9999999999999802
4e+24,40000000000.0,0.0
4e+24,400000000000.0,0.0
4e+24,4000000000000.0,0.0
4e+24,40000000000000.0,0.993333333333314
4e+24,400000000000000.0,0.9999999999999802
4e+24,4000000000000000.0,0.9999999999999802
4e+24,4e+16,0.9999999999999802
4e+24,4e+17,0.9999999999999802
4e+24,4e+18,0.9999999999999802
4e+24,4e+19,0.9999999999999802
4e+24,4e+20,0.9999999999999802
4e+24,4e+21,0.9999999999999802
4e+24,4e+22,0.9999999999999802
4e+24,4e+23,0.9999999999999802
4e+24,4e+24,0.9999999999999802
4e+25,40000000000.0,0.0
4e+25,400000000000.0,0.0
4e+25,4000000000000.0,0.0
4e+25,40000000000000.0,0.0
4e+25,400000000000000.0,0.9999999999999802
4e+25,4000000000000000.0,0.9999999999999802
4e+25,4e+16,0.9999999999999802
4e+25,4e+17,0.9999999999999802
4e+25,4e+18,0.9999999999999802
4e+25,4e+19,0.9999999999999802
4e+25,4e+20,0.9999999999999802
4e+25,4e+21,0.9999999999999802
4e+25,4e+22,0.9999999999999802
4e+25,4e+23,0.9999999999999802
4e+25,4e+24,0.9999999999999802
2e+18,20000000000.0,0.0666666666666666
2e+18,200000000000.0,0.1722222222222221
2e+18,2000000000000.0,0.2144444444444446
2e+18,20000000000000.0,0.2405810743399973
2e+18,200000000000000.0,0.2534748144301224
2e+18,2000000000000000.0,0.2644507553515872
2e+18,2e+16,0.2811111111111117
2e+18,2e+17,0.2944444444444452
2e+18,2e+18,0.3111111111111119
2e+18,2e+19,0.3233333333333342
2e+18,2e+20,0.3377777777777788
2e+18,2e+21,0.3522222222222233
2e+18,2e+22,0.3655555555555567
2e+18,2e+23,0.3811111111111124
2e+18,2e+24,0.3933333333333347
2e+19,20000000000.0,0.0
2e+19,200000000000.0,0.3355555555555565
2e+19,2000000000000.0,0.3711111111111123
2e+19,20000000000000.0,0.3922222222222236
2e+19,200000000000000.0,0.4077792647612623
2e+19,2000000000000000.0,0.4222222222222238
2e+19,2e+16,0.4355555555555572
2e+19,2e+17,0.4511111111111128
2e+19,2e+18,0.462222222222224
2e+19,2e+19,0.4766666666666685
2e+19,2e+20,0.4911111111111131
2e+19,2e+21,0.5033333333333352
2e+19,2e+22,0.5166666666666679
2e+19,2e+23,0.5311111111111118
2e+19,2e+24,0.5422222222222224
2e+20,20000000000.0,0.0
2e+20,200000000000.0,0.5011111111111131
2e+20,2000000000000.0,0.5322222222222228
2e+20,20000000000000.0,0.553333333333333
2e+20,200000000000000.0,0.569999999999999
2e+20,2000000000000000.0,0.5822222222222206
2e+20,2e+16,0.5955555555555534
2e+20,2e+17,0.6099999999999972
2e+20,2e+18,0.6222222222222189
2e+20,2e+19,0.6344444444444406
2e+20,2e+20,0.6477777777777733
2e+20,2e+21,0.6611111111111061
2e+20,2e+22,0.6733333333333278
2e+20,2e+23,0.6855555555555495
2e+20,2e+24,0.6999999999999933
2e+21,20000000000.0,0.0
2e+21,200000000000.0,0.0
2e+21,2000000000000.0,0.695555555555549
2e+21,20000000000000.0,0.7111111111111039
2e+21,200000000000000.0,0.7299999999995658
2e+21,2000000000000000.0,0.7433333333284633
2e+21,2e+16,0.7566666666099449
2e+21,2e+17,0.7711111102611417
2e+21,2e+18,0.7822222158913341
2e+21,2e+19,0.79444438055114
2e+21,2e+20,0.8077770461851419
2e+21,2e+21,0.8211025103361067
2e+21,2e+22,0.8321573038506084
2e+21,2e+23,0.8438062310527308
2e+21,2e+24,0.8530856838452653
2e+22,20000000000.0,0.0
2e+22,200000000000.0,0.0
2e+22,2000000000000.0,0.8522222222222089
2e+22,20000000000000.0,0.872222222222208
2e+22,200000000000000.0,0.8855555555555408
2e+22,2000000000000000.0,0.8999999999999846
2e+22,2e+16,0.9111111111110952
2e+22,2e+17,0.9222222222222058
2e+22,2e+18,0.9344444444444276
2e+22,2e+19,0.9488888888888714
2e+22,2e+20,0.961111111111093
2e+22,2e+21,0.9722222222222036
2e+22,2e+22,0.9833333333333144
2e+22,2e+23,0.996666666666647
2e+22,2e+24,0.9999999999999802
2e+23,20000000000.0,0.0
2e+23,200000000000.0,0.0
2e+23,2000000000000.0,0.0
2e+23,20000000000000.0,0.9988888888888692
2e+23,200000000000000.0,0.9999999999999802
2e+23,2000000000000000.0,0.9999999999999802
2e+23,2e+16,0.9999999999999802
2e+23,2e+17,0.9999999999999802
2e+23,2e+18,0.9999999999999802
2e+23,2e+19,0.9999999999999802
2e+23,2e+20,0.9999999999999802
2e+23,2e+21,0.9999999999999802
2e+23,2e+22,0.9999999999999802
2e+23,2e+23,0.9999999999999802
2e+23,2e+24,0.9999999999999802
2e+24,20000000000.0,0.0
2e+24,200000000000.0,0.0
2e+24,2000000000000.0,0.0
2e+24,20000000000000.0,0.9922222222222028
2e+24,200000000000000.0,0.9999999999999802
2e+24,2000000000000000.0,0.9999999999999802
2e+24,2e+16,0.9999999999999802
2e+24,2e+17,0.9999999999999802
2e+24,2e+18,0.9999999999999802
2e+24,2e+19,0.9999999999999802
2e+24,2e+20,0.9999999999999802
2e+24,2e+21,0.9999999999999802
2e+24,2e+22,0.9999999999999802
2e+24,2e+23,0.9999999999999802
2e+24,2e+24,0.9999999999999802
2e+25,20000000000.0,0.0
2e+25,200000000000.0,0.0
2e+25,2000000000000.0,0.0
2e+25,20000000000000.0,0.0
2e+25,200000000000000.0,0.9988888888888692
2e+25,2000000000000000.0,0.9999999999999802
2e+25,2e+16,0.9999999999999802
2e+25,2e+17,0.9999999999999802
2e+25,2e+18,0.9999999999999802
2e+25,2e+19,0.9999999999999802
2e+25,2e+20,0.9999999999999802
2e+25,2e+21,0.9999999999999802
2e+25,2e+22,0.9999999999999802
2e+25,2e+23,0.9999999999999802
2e+25,2e+24,0.9999999999999802
1e+18,20000000000.0,0.0055555555555555
1e+18,200000000000.0,0.1233333333333329
1e+18,2000000000000.0,0.1688888888883034
1e+18,20000000000000.0,0.1908312172189875
1e+18,200000000000000.0,0.2044458570347333
1e+18,2000000000000000.0,0.2211111097888116
1e+18,2e+16,0.235555544148518
1e+18,2e+17,0.2522220631514687
1e+18,2e+18,0.2655543789809579
1e+18,2e+19,0.2810972812113121
1e+18,2e+20,0.2954227834784346
1e+18,2e+21,0.3096218392157849
1e+18,2e+22,0.3177196303781509
1e+18,2e+23,0.3311111860549352
1e+18,2e+24,0.3444444444444455
1e+19,20000000000.0,0.0
1e+19,200000000000.0,0.2855555555555562
1e+19,2000000000000.0,0.3222222222222231
1e+19,20000000000000.0,0.3444444444444455
1e+19,200000000000000.0,0.3611111111118443
1e+19,2000000000000000.0,0.3744444444444457
1e+19,2e+16,0.3911111111111124
1e+19,2e+17,0.4033333333333347
1e+19,2e+18,0.4166666666666682
1e+19,2e+19,0.4311111111111127
1e+19,2e+20,0.443333333333335
1e+19,2e+21,0.4588888888888907
1e+19,2e+22,0.471111111111113
1e+19,2e+23,0.4844444444444464
1e+19,2e+24,0.4988888888888909
1e+20,20000000000.0,0.0
1e+20,200000000000.0,0.4522222222222239
1e+20,2000000000000.0,0.4833333333333353
1e+20,20000000000000.0,0.5066666666666684
1e+20,200000000000000.0,0.5211111111111122
1e+20,2000000000000000.0,0.5344444444444449
1e+20,2e+16,0.5488888888888888
1e+20,2e+17,0.5622222222222215
1e+20,2e+18,0.5744444444444432
1e+20,2e+19,0.588888888888887
1e+20,2e+20,0.6011111111111087
1e+20,2e+21,0.6133333333333304
1e+20,2e+22,0.6266666666666632
1e+20,2e+23,0.641111111111107
1e+20,2e+24,0.6522222222222176
1e+21,20000000000.0,0.0
1e+21,200000000000.0,0.0
1e+21,2000000000000.0,0.6455555555555512
1e+21,20000000000000.0,0.6611111111111061
1e+21,200000000000000.0,0.6811111111097325
1e+21,2000000000000000.0,0.6955555555342935
1e+21,2e+16,0.7099999996857821
1e+21,2e+17,0.7222222193907142
1e+21,2e+18,0.7344444165373935
1e+21,2e+19,0.7477774653934867
1e+21,2e+20,0.7611075131021513
1e+21,2e+21,0.7721955608068773
1e+21,2e+22,0.7852274528058659
1e+21,2e+23,0.7958575326855091
1e+21,2e+24,0.8017330198510475
1e+22,20000000000.0,0.0
1e+22,200000000000.0,0.0
1e+22,2000000000000.0,0.8033333333333221
1e+22,20000000000000.0,0.8244444444444323
1e+22,200000000000000.0,0.8388888888888761
1e+22,2000000000000000.0,0.8511111111110978
1e+22,2e+16,0.8622222222222085
1e+22,2e+17,0.8744444444444301
1e+22,2e+18,0.888888888888874
1e+22,2e+19,0.9011111111110957
1e+22,2e+20,0.9122222222222064
1e+22,2e+21,0.924444444444428
1e+22,2e+22,0.9366666666666495
1e+22,2e+23,0.9499999999999824
1e+22,2e+24,0.961111111111093
1e+23,20000000000.0,0.0
1e+23,200000000000.0,0.0
1e+23,2000000000000.0,0.0
1e+23,20000000000000.0,0.9799999999999812
1e+23,200000000000000.0,0.9999999999999802
1e+23,2000000000000000.0,0.9999999999999802
1e+23,2e+16,0.9999999999999802
1e+23,2e+17,0.9999999999999802
1e+23,2e+18,0.9999999999999802
1e+23,2e+19,0.9999999999999802
1e+23,2e+20,0.9999999999999802
1e+23,2e+21,0.9999999999999802
1e+23,2e+22,0.9999999999999802
1e+23,2e+23,0.9999999999999802
1e+23,2e+24,0.9999999999999802
1e+24,20000000000.0,0.0
1e+24,200000000000.0,0.0
1e+24,2000000000000.0,0.0
1e+24,20000000000000.0,0.993333333333314
1e+24,200000000000000.0,0.9999999999999802
1e+24,2000000000000000.0,0.9999999999999802
1e+24,2e+16,0.9999999999999802
1e+24,2e+17,0.9999999999999802
1e+24,2e+18,0.9999999999999802
1e+24,2e+19,0.9999999999999802
1e+24,2e+20,0.9999999999999802
1e+24,2e+21,0.9999999999999802
1e+24,2e+22,0.9999999999999802
1e+24,2e+23,0.9999999999999802
1e+24,2e+24,0.9999999999999802
1e+25,20000000000.0,0.0
1e+25,200000000000.0,0.0
1e+25,2000000000000.0,0.0
1e+25,20000000000000.0,0.0
1e+25,200000000000000.0,0.9999999999999802
1e+25,2000000000000000.0,0.9999999999999802
1e+25,2e+16,0.9999999999999802
1e+25,2e+17,0.9999999999999802
1e+25,2e+18,0.9999999999999802
1e+25,2e+19,0.9999999999999802
1e+25,2e+20,0.9999999999999802
1e+25,2e+21,0.9999999999999802
1e+25,2e+22,0.9999999999999802
1e+25,2e+23,0.9999999999999802
1e+25,2e+24,0.9999999999999802
2e+18,10000000000.0,0.0
2e+18,100000000000.0,0.15111111111111092
2e+18,1000000000000.0,0.20222222222222236
2e+18,10000000000000.0,0.23324165793053672
2e+18,100000000000000.0,0.24976981965771833
2e+18,1000000000000000.0,0.261217565032071
2e+18,1e+16,0.27444444444444666
2e+18,1e+17,0.2911111111111118
2e+18,1e+18,0.30444444444444524
2e+18,1e+19,0.321111111111112
2e+18,1e+20,0.3333333333333343
2e+18,1e+21,0.34777777777777885
2e+18,1e+22,0.3622222222222234
2e+18,1e+23,0.3755555555555568
2e+18,1e+24,0.39111111111111246
2e+19,10000000000.0,0.0
2e+19,100000000000.0,0.32222222222222313
2e+19,1000000000000.0,0.3633333333333345
2e+19,10000000000000.0,0.3888888888888902
2e+19,100000000000000.0,0.4033712707904192
2e+19,1000000000000000.0,0.4177777777777793
2e+19,1e+16,0.43222222222222384
2e+19,1e+17,0.44444444444444614
2e+19,1e+18,0.4600000000000018
2e+19,1e+19,0.4722222222222241
2e+19,1e+20,0.4855555555555575
2e+19,1e+21,0.5011111111111131
2e+19,1e+22,0.5122222222222237
2e+19,1e+23,0.5255555555555564
2e+19,1e+24,0.5400000000000003
2e+20,10000000000.0,0.0
2e+20,100000000000.0,0.0
2e+20,1000000000000.0,0.5266666666666675
2e+20,10000000000000.0,0.5499999999999998
2e+20,100000000000000.0,0.5644444444444436
2e+20,1000000000000000.0,0.5788888888888875
2e+20,1e+16,0.5922222222222202
2e+20,1e+17,0.6044444444444419
2e+20,1e+18,0.6188888888888857
2e+20,1e+19,0.6311111111111074
2e+20,1e+20,0.6433333333333291
2e+20,1e+21,0.6566666666666618
2e+20,1e+22,0.6711111111111057
2e+20,1e+23,0.6822222222222163
2e+20,1e+24,0.694444444444438
2e+21,10000000000.0,0.0
2e+21,100000000000.0,0.0
2e+21,1000000000000.0,0.6833333333333274
2e+21,10000000000000.0,0.7055555555555486
2e+21,100000000000000.0,0.7233333333332473
2e+21,1000000000000000.0,0.7399999999973463
2e+21,1e+16,0.7522222221965821
2e+21,1e+17,0.7655555552523726
2e+21,1e+18,0.7799999956977103
2e+21,1e+19,0.7911110789607758
2e+21,1e+20,0.8033330133183461
2e+21,1e+21,0.8166626824181556
2e+21,1e+22,0.8299560668955399
2e+21,1e+23,0.8407832755033195
2e+21,1e+24,0.8506254925481816
2e+22,10000000000.0,0.0
2e+22,100000000000.0,0.0
2e+22,1000000000000.0,0.0
2e+22,10000000000000.0,0.8699999999999859
2e+22,100000000000000.0,0.8822222222222076
2e+22,1000000000000000.0,0.8944444444444293
2e+22,1e+16,0.907777777777762
2e+22,1e+17,0.9199999999999837
2e+22,1e+18,0.9311111111110943
2e+22,1e+19,0.943333333333316
2e+22,1e+20,0.9555555555555377
2e+22,1e+21,0.9699999999999815
2e+22,1e+22,0.9811111111110922
2e+22,1e+23,0.9922222222222028
2e+22,1e+24,0.9999999999999802
2e+23,10000000000.0,0.0
2e+23,100000000000.0,0.0
2e+23,1000000000000.0,0.0
2e+23,10000000000000.0,0.9933333333333139
2e+23,100000000000000.0,0.9999999999999802
2e+23,1000000000000000.0,0.9999999999999802
2e+23,1e+16,0.9999999999999802
2e+23,1e+17,0.9999999999999802
2e+23,1e+18,0.9999999999999802
2e+23,1e+19,0.9999999999999802
2e+23,1e+20,0.9999999999999802
2e+23,1e+21,0.9999999999999802
2e+23,1e+22,0.9999999999999802
2e+23,1e+23,0.9999999999999802
2e+23,1e+24,0.9999999999999802
2e+24,10000000000.0,0.0
2e+24,100000000000.0,0.0
2e+24,1000000000000.0,0.0
2e+24,10000000000000.0,0.0
2e+24,100000000000000.0,0.9999999999999802
2e+24,1000000000000000.0,0.9999999999999802
2e+24,1e+16,0.9999999999999802
2e+24,1e+17,0.9999999999999802
2e+24,1e+18,0.9999999999999802
2e+24,1e+19,0.9999999999999802
2e+24,1e+20,0.9999999999999802
2e+24,1e+21,0.9999999999999802
2e+24,1e+22,0.9999999999999802
2e+24,1e+23,0.9999999999999802
2e+24,1e+24,0.9999999999999802
2e+25,10000000000.0,0.0
2e+25,100000000000.0,0.0
2e+25,1000000000000.0,0.0
2e+25,10000000000000.0,0.0
2e+25,100000000000000.0,0.9933333333333139
2e+25,1000000000000000.0,0.9999999999999802
2e+25,1e+16,0.9999999999999802
2e+25,1e+17,0.9999999999999802
2e+25,1e+18,0.9999999999999802
2e+25,1e+19,0.9999999999999802
2e+25,1e+20,0.9999999999999802
2e+25,1e+21,0.9999999999999802
2e+25,1e+22,0.9999999999999802
2e+25,1e+23,0.9999999999999802
2e+25,1e+24,0.9999999999999802
